{"run_name": "valueesn", "save_dir": "data/models", "n_repeats": 1, "pretrained_modelfile": null, "random_seed": null, "experiment": "starkweather", "task_index": 2, "ncues": 1, "iti_p": 0.125, "iti_min": 10, "p_omission_task_2": 0.1, "ntrials_per_cue": 10000, "ntrials_per_episode": 20, "nblocks": 1000, "reward_time": 5, "session_type": "contingency", "ntrials": 1000, "recurrent_cell": "GRU", "hidden_size": 50, "sigma_noise": 0.0, "gamma": 0.93, "initialization_gain": 0.5, "lr": 0.003, "batch_size": 12, "n_epochs": 0, "n_chances": -1, "time": "2023-07-28 18:35:30", "weightsfile": "data/models/valueesn10_value_starkweather_task2_gru_h50_itimin10_1cues-v16.pth", "weightsfile_initial": "data/models/valueesn10_value_starkweather_task2_gru_h50_itimin10_1cues-v16_initial.pth", "scores": [0.034939177777795566]}