{"run_name": "newloss_46377777_5", "save_dir": "data", "n_repeats": 1, "pretrained_modelfile": null, "random_seed": null, "experiment": "starkweather", "task_index": 2, "ncues": 1, "iti_p": 0.125, "iti_min": 10, "p_omission_task_2": 0.1, "ntrials_per_cue": 10000, "ntrials_per_episode": 20, "nblocks": 1000, "reward_time": 5, "session_type": "contingency", "ntrials": 1000, "recurrent_cell": "GRU", "hidden_size": 5, "sigma_noise": 0.0, "gamma": 0.93, "lr": 0.003, "batch_size": 12, "n_epochs": 150, "time": "2023-03-20 14:23:57", "weightsfile": "data/newloss_46377777_51_value_starkweather_task2_gru_h5_itimin10_1cues-v0.pth", "weightsfile_initial": "data/newloss_46377777_51_value_starkweather_task2_gru_h5_itimin10_1cues-v0_initial.pth", "scores": [0.03220183761524303, 0.031502768042541686, 0.027841159541692053, 0.0251106455744732, 0.023518807343429045, 0.02122250154969238, 0.011899290162892569, 0.018503902657400994, 0.023110099535967623, 0.024691696810935224, 0.025354821190592788, 0.025621192396751473, 0.02564853797888472]}